{
  "Total" : {
    "transaction" : "Total",
    "sampleCount" : 312932,
    "errorCount" : 0,
    "errorPct" : 0.0,
    "meanResTime" : 91.12322804954171,
    "medianResTime" : 90.0,
    "minResTime" : 4.0,
    "maxResTime" : 478.0,
    "pct1ResTime" : 202.0,
    "pct2ResTime" : 213.0,
    "pct3ResTime" : 299.0,
    "throughput" : 521.5185654289713,
    "receivedKBytesPerSec" : 197.20479409445622,
    "sentKBytesPerSec" : 59.5875704640524
  },
  "HTTP Request" : {
    "transaction" : "HTTP Request",
    "sampleCount" : 312932,
    "errorCount" : 0,
    "errorPct" : 0.0,
    "meanResTime" : 91.12322804954171,
    "medianResTime" : 90.0,
    "minResTime" : 4.0,
    "maxResTime" : 478.0,
    "pct1ResTime" : 202.0,
    "pct2ResTime" : 213.0,
    "pct3ResTime" : 299.0,
    "throughput" : 521.5185654289713,
    "receivedKBytesPerSec" : 197.20479409445622,
    "sentKBytesPerSec" : 59.5875704640524
  }
}