{
  "Total" : {
    "transaction" : "Total",
    "sampleCount" : 708455,
    "errorCount" : 0,
    "errorPct" : 0.0,
    "meanResTime" : 4.0297887656944145,
    "medianResTime" : 4.0,
    "minResTime" : 1.0,
    "maxResTime" : 86.0,
    "pct1ResTime" : 5.0,
    "pct2ResTime" : 5.0,
    "pct3ResTime" : 6.0,
    "throughput" : 1180.907915002567,
    "receivedKBytesPerSec" : 409.39104890786166,
    "sentKBytesPerSec" : 134.92795513212923
  },
  "HTTP Request" : {
    "transaction" : "HTTP Request",
    "sampleCount" : 708455,
    "errorCount" : 0,
    "errorPct" : 0.0,
    "meanResTime" : 4.0297887656944145,
    "medianResTime" : 4.0,
    "minResTime" : 1.0,
    "maxResTime" : 86.0,
    "pct1ResTime" : 5.0,
    "pct2ResTime" : 5.0,
    "pct3ResTime" : 6.0,
    "throughput" : 1180.907915002567,
    "receivedKBytesPerSec" : 409.39104890786166,
    "sentKBytesPerSec" : 134.92795513212923
  }
}