{
  "Total" : {
    "transaction" : "Total",
    "sampleCount" : 424729,
    "errorCount" : 0,
    "errorPct" : 0.0,
    "meanResTime" : 14.028302753049607,
    "medianResTime" : 6.0,
    "minResTime" : 1.0,
    "maxResTime" : 176.0,
    "pct1ResTime" : 37.0,
    "pct2ResTime" : 80.0,
    "pct3ResTime" : 90.0,
    "throughput" : 708.0268121631601,
    "receivedKBytesPerSec" : 345.1178308610557,
    "sentKBytesPerSec" : 91.90518821983507
  },
  "HTTP Request" : {
    "transaction" : "HTTP Request",
    "sampleCount" : 424729,
    "errorCount" : 0,
    "errorPct" : 0.0,
    "meanResTime" : 14.028302753049607,
    "medianResTime" : 6.0,
    "minResTime" : 1.0,
    "maxResTime" : 176.0,
    "pct1ResTime" : 37.0,
    "pct2ResTime" : 80.0,
    "pct3ResTime" : 90.0,
    "throughput" : 708.0268121631601,
    "receivedKBytesPerSec" : 345.1178308610557,
    "sentKBytesPerSec" : 91.90518821983507
  }
}