{
  "Total" : {
    "transaction" : "Total",
    "sampleCount" : 271061,
    "errorCount" : 0,
    "errorPct" : 0.0,
    "meanResTime" : 2.1553119039626085,
    "medianResTime" : 2.0,
    "minResTime" : 1.0,
    "maxResTime" : 68.0,
    "pct1ResTime" : 3.0,
    "pct2ResTime" : 3.0,
    "pct3ResTime" : 4.0,
    "throughput" : 451.8790436990396,
    "receivedKBytesPerSec" : 220.20262802928386,
    "sentKBytesPerSec" : 58.65601134778021
  },
  "HTTP Request" : {
    "transaction" : "HTTP Request",
    "sampleCount" : 271061,
    "errorCount" : 0,
    "errorPct" : 0.0,
    "meanResTime" : 2.1553119039626085,
    "medianResTime" : 2.0,
    "minResTime" : 1.0,
    "maxResTime" : 68.0,
    "pct1ResTime" : 3.0,
    "pct2ResTime" : 3.0,
    "pct3ResTime" : 4.0,
    "throughput" : 451.8790436990396,
    "receivedKBytesPerSec" : 220.20262802928386,
    "sentKBytesPerSec" : 58.65601134778021
  }
}