{
  "Total" : {
    "transaction" : "Total",
    "sampleCount" : 437570,
    "errorCount" : 0,
    "errorPct" : 0.0,
    "meanResTime" : 13.056043604451776,
    "medianResTime" : 5.0,
    "minResTime" : 1.0,
    "maxResTime" : 153.0,
    "pct1ResTime" : 65.0,
    "pct2ResTime" : 78.0,
    "pct3ResTime" : 91.0,
    "throughput" : 729.3696420743121,
    "receivedKBytesPerSec" : 252.85410726727665,
    "sentKBytesPerSec" : 83.33617980731887
  },
  "HTTP Request" : {
    "transaction" : "HTTP Request",
    "sampleCount" : 437570,
    "errorCount" : 0,
    "errorPct" : 0.0,
    "meanResTime" : 13.056043604451776,
    "medianResTime" : 5.0,
    "minResTime" : 1.0,
    "maxResTime" : 153.0,
    "pct1ResTime" : 65.0,
    "pct2ResTime" : 78.0,
    "pct3ResTime" : 91.0,
    "throughput" : 729.3696420743121,
    "receivedKBytesPerSec" : 252.85410726727665,
    "sentKBytesPerSec" : 83.33617980731887
  }
}