{
    "average_cpu_usage_in_cores": 3.8591362938333336,
    "average_cpu_usage_percentage": 32.15946911527779,
    "average_memory usage_in_GiB": 2.5680288950602215,
    "average_memory_usage_percentage": 16.442205071553534
}