{
    "average_cpu_usage_in_cores": 3.634552100694914,
    "average_cpu_usage_percentage": 30.28793417245763,
    "average_memory usage_in_GiB": 2.8551798675019864,
    "average_memory_usage_percentage": 18.280733907605732
}