{
    "average_cpu_usage_in_cores": 3.776326267466666,
    "average_cpu_usage_percentage": 31.46938556222222,
    "average_memory usage_in_GiB": 2.4310651779174806,
    "average_memory_usage_percentage": 15.565273535091826
}