{
    "average_cpu_usage_in_cores": 3.626361217083334,
    "average_cpu_usage_percentage": 30.21967680902776,
    "average_memory usage_in_GiB": 2.6568308512369794,
    "average_memory_usage_percentage": 17.01077343035274
}