{
    "average_cpu_usage_in_cores": 1.3913533208135596,
    "average_cpu_usage_percentage": 11.594611006779665,
    "average_memory usage_in_GiB": 2.118065526929952,
    "average_memory_usage_percentage": 13.561244507707798
}