{
    "average_cpu_usage_in_cores": 3.9786954612979586,
    "average_cpu_usage_percentage": 33.155795510816375,
    "average_memory usage_in_GiB": 3.1809212198062817,
    "average_memory_usage_percentage": 20.36633371406312
}