{
    "average_cpu_usage_in_cores": 3.9797816450772374,
    "average_cpu_usage_percentage": 33.16484704231032,
    "average_memory usage_in_GiB": 3.391800671088986,
    "average_memory_usage_percentage": 21.716526898161153
}