{
    "average_cpu_usage_in_cores": 3.9843910648230425,
    "average_cpu_usage_percentage": 33.20325887352535,
    "average_memory usage_in_GiB": 3.452243255489648,
    "average_memory_usage_percentage": 22.103519866562817
}