{
    "average_cpu_usage_in_cores": 3.985071622733605,
    "average_cpu_usage_percentage": 33.208930189446775,
    "average_memory usage_in_GiB": 3.2754719374609773,
    "average_memory_usage_percentage": 20.971714240272696
}