{
    "average_cpu_usage_in_cores": 3.9864361111142887,
    "average_cpu_usage_percentage": 33.22030092595243,
    "average_memory usage_in_GiB": 3.9003715826540577,
    "average_memory_usage_percentage": 24.97268789833067
}