{
    "average_cpu_usage_in_cores": 3.977603154044359,
    "average_cpu_usage_percentage": 33.14669295036957,
    "average_memory usage_in_GiB": 3.808261486791795,
    "average_memory_usage_percentage": 24.382939812152646
}