{
    "average_cpu_usage_in_cores": 3.9870594176406278,
    "average_cpu_usage_percentage": 33.22549514700523,
    "average_memory usage_in_GiB": 3.4680416136980057,
    "average_memory_usage_percentage": 22.20466586818926
}