{
    "average_cpu_usage_in_cores": 3.9724377598203113,
    "average_cpu_usage_percentage": 33.10364799850255,
    "average_memory usage_in_GiB": 3.13743132352829,
    "average_memory_usage_percentage": 20.087853576146834
}