{
    "average_cpu_usage_in_cores": 3.9779804464763786,
    "average_cpu_usage_percentage": 33.14983705396975,
    "average_memory usage_in_GiB": 3.184598637378122,
    "average_memory_usage_percentage": 20.389849061144403
}