{
    "average_cpu_usage_in_cores": 3.98472881590196,
    "average_cpu_usage_percentage": 33.2060734658497,
    "average_memory usage_in_GiB": 3.04442689185049,
    "average_memory_usage_percentage": 19.492379376770444
}