{
  "Total" : {
    "transaction" : "Total",
    "sampleCount" : 411640,
    "errorCount" : 0,
    "errorPct" : 0.0,
    "meanResTime" : 6.96162666407541,
    "medianResTime" : 7.0,
    "minResTime" : 3.0,
    "maxResTime" : 85.0,
    "pct1ResTime" : 9.0,
    "pct2ResTime" : 11.0,
    "pct3ResTime" : 28.0,
    "throughput" : 686.1421423023199,
    "receivedKBytesPerSec" : 258.6554003362245,
    "sentKBytesPerSec" : 78.3971002435268
  },
  "HTTP Request" : {
    "transaction" : "HTTP Request",
    "sampleCount" : 411640,
    "errorCount" : 0,
    "errorPct" : 0.0,
    "meanResTime" : 6.96162666407541,
    "medianResTime" : 7.0,
    "minResTime" : 3.0,
    "maxResTime" : 85.0,
    "pct1ResTime" : 9.0,
    "pct2ResTime" : 11.0,
    "pct3ResTime" : 28.0,
    "throughput" : 686.1421423023199,
    "receivedKBytesPerSec" : 258.6554003362245,
    "sentKBytesPerSec" : 78.3971002435268
  }
}