{
  "Total" : {
    "transaction" : "Total",
    "sampleCount" : 282124,
    "errorCount" : 0,
    "errorPct" : 0.0,
    "meanResTime" : 2.108530291644798,
    "medianResTime" : 2.0,
    "minResTime" : 1.0,
    "maxResTime" : 63.0,
    "pct1ResTime" : 2.0,
    "pct2ResTime" : 3.0,
    "pct3ResTime" : 3.0,
    "throughput" : 470.27642433627653,
    "receivedKBytesPerSec" : 163.03298856517884,
    "sentKBytesPerSec" : 53.732755514984724
  },
  "HTTP Request" : {
    "transaction" : "HTTP Request",
    "sampleCount" : 282124,
    "errorCount" : 0,
    "errorPct" : 0.0,
    "meanResTime" : 2.108530291644798,
    "medianResTime" : 2.0,
    "minResTime" : 1.0,
    "maxResTime" : 63.0,
    "pct1ResTime" : 2.0,
    "pct2ResTime" : 3.0,
    "pct3ResTime" : 3.0,
    "throughput" : 470.27642433627653,
    "receivedKBytesPerSec" : 163.03298856517884,
    "sentKBytesPerSec" : 53.732755514984724
  }
}