{
  "Total" : {
    "transaction" : "Total",
    "sampleCount" : 313177,
    "errorCount" : 0,
    "errorPct" : 0.0,
    "meanResTime" : 182.06786896866637,
    "medianResTime" : 183.0,
    "minResTime" : 4.0,
    "maxResTime" : 1300.0,
    "pct1ResTime" : 388.0,
    "pct2ResTime" : 407.0,
    "pct3ResTime" : 512.0,
    "throughput" : 521.8633823963154,
    "receivedKBytesPerSec" : 197.58197492597225,
    "sentKBytesPerSec" : 59.626968496454
  },
  "HTTP Request" : {
    "transaction" : "HTTP Request",
    "sampleCount" : 313177,
    "errorCount" : 0,
    "errorPct" : 0.0,
    "meanResTime" : 182.06786896866637,
    "medianResTime" : 183.0,
    "minResTime" : 4.0,
    "maxResTime" : 1300.0,
    "pct1ResTime" : 388.0,
    "pct2ResTime" : 407.0,
    "pct3ResTime" : 512.0,
    "throughput" : 521.8633823963154,
    "receivedKBytesPerSec" : 197.58197492597225,
    "sentKBytesPerSec" : 59.626968496454
  }
}