{
  "Total" : {
    "transaction" : "Total",
    "sampleCount" : 400109,
    "errorCount" : 0,
    "errorPct" : 0.0,
    "meanResTime" : 14.281778215436319,
    "medianResTime" : 9.0,
    "minResTime" : 3.0,
    "maxResTime" : 123.0,
    "pct1ResTime" : 40.0,
    "pct2ResTime" : 45.0,
    "pct3ResTime" : 70.0,
    "throughput" : 666.8850120089938,
    "receivedKBytesPerSec" : 251.4774998822852,
    "sentKBytesPerSec" : 76.19682266118387
  },
  "HTTP Request" : {
    "transaction" : "HTTP Request",
    "sampleCount" : 400109,
    "errorCount" : 0,
    "errorPct" : 0.0,
    "meanResTime" : 14.281778215436319,
    "medianResTime" : 9.0,
    "minResTime" : 3.0,
    "maxResTime" : 123.0,
    "pct1ResTime" : 40.0,
    "pct2ResTime" : 45.0,
    "pct3ResTime" : 70.0,
    "throughput" : 666.8850120089938,
    "receivedKBytesPerSec" : 251.4774998822852,
    "sentKBytesPerSec" : 76.19682266118387
  }
}