{
  "Total" : {
    "transaction" : "Total",
    "sampleCount" : 250184,
    "errorCount" : 0,
    "errorPct" : 0.0,
    "meanResTime" : 119.46905477568683,
    "medianResTime" : 88.0,
    "minResTime" : 3.0,
    "maxResTime" : 1892.0,
    "pct1ResTime" : 296.0,
    "pct2ResTime" : 390.0,
    "pct3ResTime" : 604.0,
    "throughput" : 417.10958913244997,
    "receivedKBytesPerSec" : 203.74493558520786,
    "sentKBytesPerSec" : 54.142776158440924
  },
  "HTTP Request" : {
    "transaction" : "HTTP Request",
    "sampleCount" : 250184,
    "errorCount" : 0,
    "errorPct" : 0.0,
    "meanResTime" : 119.46905477568683,
    "medianResTime" : 88.0,
    "minResTime" : 3.0,
    "maxResTime" : 1892.0,
    "pct1ResTime" : 296.0,
    "pct2ResTime" : 390.0,
    "pct3ResTime" : 604.0,
    "throughput" : 417.10958913244997,
    "receivedKBytesPerSec" : 203.74493558520786,
    "sentKBytesPerSec" : 54.142776158440924
  }
}