{
    "average_cpu_usage_in_cores": 2.6377400612241373,
    "average_cpu_usage_percentage": 21.981167176867817,
    "average_memory usage_in_GiB": 2.9763608472100618,
    "average_memory_usage_percentage": 19.05657677354187
}