{
    "average_cpu_usage_in_cores": 2.921454862620691,
    "average_cpu_usage_percentage": 24.345457188505744,
    "average_memory usage_in_GiB": 2.932703971862793,
    "average_memory_usage_percentage": 18.777098649341767
}