{
    "average_cpu_usage_in_cores": 3.5143217790500008,
    "average_cpu_usage_percentage": 29.28601482541666,
    "average_memory usage_in_GiB": 2.6465381622314452,
    "average_memory_usage_percentage": 16.94483977638229
}