{
    "average_cpu_usage_in_cores": 2.710289348583332,
    "average_cpu_usage_percentage": 22.58574457152778,
    "average_memory usage_in_GiB": 2.7835641860961915,
    "average_memory_usage_percentage": 17.822207703392518
}