{
    "average_cpu_usage_in_cores": 3.5253524378166685,
    "average_cpu_usage_percentage": 29.377936981805558,
    "average_memory usage_in_GiB": 2.6462109247843424,
    "average_memory_usage_percentage": 16.9427818349087
}