{
    "average_cpu_usage_in_cores": 1.4761552513728817,
    "average_cpu_usage_percentage": 12.30129376144068,
    "average_memory usage_in_GiB": 2.51162415843899,
    "average_memory_usage_percentage": 16.081033536790464
}