{
    "average_cpu_usage_in_cores": 1.4433674318499996,
    "average_cpu_usage_percentage": 12.028061932083334,
    "average_memory usage_in_GiB": 2.5240947723388674,
    "average_memory_usage_percentage": 16.160913953545172
}