{
    "average_cpu_usage_in_cores": 2.6259529267627113,
    "average_cpu_usage_percentage": 21.882941056355932,
    "average_memory usage_in_GiB": 2.8947932356494968,
    "average_memory_usage_percentage": 18.534328453619445
}