{
    "average_cpu_usage_in_cores": 2.6346062902333327,
    "average_cpu_usage_percentage": 21.95505241861111,
    "average_memory usage_in_GiB": 2.797149976094564,
    "average_memory_usage_percentage": 17.909153494114232
}