{
    "average_cpu_usage_in_cores": 2.724417673716667,
    "average_cpu_usage_percentage": 22.703480614305555,
    "average_memory usage_in_GiB": 2.919106038411458,
    "average_memory_usage_percentage": 18.690035740745262
}