{
    "average_cpu_usage_in_cores": 0.35423487124999986,
    "average_cpu_usage_percentage": 2.9519572604166657,
    "average_memory usage_in_GiB": 1.3601017634073893,
    "average_memory_usage_percentage": 8.708250667736117
}