{
    "average_cpu_usage_in_cores": 3.46594116885,
    "average_cpu_usage_percentage": 28.88284307375,
    "average_memory usage_in_GiB": 1.8972380956013997,
    "average_memory_usage_percentage": 12.147359509223634
}