{
    "average_cpu_usage_in_cores": 2.631588581466667,
    "average_cpu_usage_percentage": 21.929904845555555,
    "average_memory usage_in_GiB": 2.0099156061808268,
    "average_memory_usage_percentage": 12.868794648432546
}