{
    "average_cpu_usage_in_cores": 2.6513360697241386,
    "average_cpu_usage_percentage": 22.094467247701154,
    "average_memory usage_in_GiB": 2.1811626039702317,
    "average_memory_usage_percentage": 13.965229962400732
}