{
    "average_cpu_usage_in_cores": 2.6227147455333335,
    "average_cpu_usage_percentage": 21.85595621277778,
    "average_memory usage_in_GiB": 2.11984806060791,
    "average_memory_usage_percentage": 13.572654142268938
}