{
    "average_cpu_usage_in_cores": 1.4328939283728812,
    "average_cpu_usage_percentage": 11.940782736440681,
    "average_memory usage_in_GiB": 1.7492319365679208,
    "average_memory_usage_percentage": 11.199727249715853
}