{
  "Total" : {
    "transaction" : "Total",
    "sampleCount" : 143758,
    "errorCount" : 0,
    "errorPct" : 0.0,
    "meanResTime" : 4.133001293841051,
    "medianResTime" : 4.0,
    "minResTime" : 3.0,
    "maxResTime" : 80.0,
    "pct1ResTime" : 5.0,
    "pct2ResTime" : 5.0,
    "pct3ResTime" : 7.0,
    "throughput" : 239.62781828304347,
    "receivedKBytesPerSec" : 90.32871050580324,
    "sentKBytesPerSec" : 27.37935033116805
  },
  "HTTP Request" : {
    "transaction" : "HTTP Request",
    "sampleCount" : 143758,
    "errorCount" : 0,
    "errorPct" : 0.0,
    "meanResTime" : 4.133001293841051,
    "medianResTime" : 4.0,
    "minResTime" : 3.0,
    "maxResTime" : 80.0,
    "pct1ResTime" : 5.0,
    "pct2ResTime" : 5.0,
    "pct3ResTime" : 7.0,
    "throughput" : 239.62781828304347,
    "receivedKBytesPerSec" : 90.32871050580324,
    "sentKBytesPerSec" : 27.37935033116805
  }
}