{
  "Total" : {
    "transaction" : "Total",
    "sampleCount" : 318355,
    "errorCount" : 0,
    "errorPct" : 0.0,
    "meanResTime" : 179.1149817028108,
    "medianResTime" : 99.0,
    "minResTime" : 2.0,
    "maxResTime" : 3273.0,
    "pct1ResTime" : 399.0,
    "pct2ResTime" : 591.0,
    "pct3ResTime" : 1280.0,
    "throughput" : 530.3777476417845,
    "receivedKBytesPerSec" : 183.8711104620095,
    "sentKBytesPerSec" : 60.59980124422733
  },
  "HTTP Request" : {
    "transaction" : "HTTP Request",
    "sampleCount" : 318355,
    "errorCount" : 0,
    "errorPct" : 0.0,
    "meanResTime" : 179.1149817028108,
    "medianResTime" : 99.0,
    "minResTime" : 2.0,
    "maxResTime" : 3273.0,
    "pct1ResTime" : 399.0,
    "pct2ResTime" : 591.0,
    "pct3ResTime" : 1280.0,
    "throughput" : 530.3777476417845,
    "receivedKBytesPerSec" : 183.8711104620095,
    "sentKBytesPerSec" : 60.59980124422733
  }
}